Aungle,Cory,4
Battaglia,Braden,4
Beirne,Andrew,4
Chien,Eric,4
Connolly,Jared,4
Costes,Frank,4
Cuneo,Gina Y Vang,4
Fishman,Andrew,4
Havrilla ,Ashley,4
Hoban,Benjamin,4
Homentcovschi,Andrei,4
Hungerman,Brian,4
Jain,Varun,4
Jamwal,Diya,4
Khan,Shyaan,4
Kim,Royce,4
Lee,Alexandra,4
Nesbit,Sean,4
Ollerdessen,Colton,4
Pham,Anthony,4
Remmert,Sean,4
Richardson,Sagan,4
Savoor,Rohan,4
Singh,Anshula,4
Smith,Jacob,4
Suh,Gun,4
Teshima,Ryan,4
Tran,Catilin,4
Tsung,Andrew,4
Vranas,Mayia,4
Won,Nicholas,4
Zhang,Robert,4
Abouayash,Joseph,4
Brotoiu,Paul,5
Chew,Brandon,5
Clark,David,5
Dabke,Neha,5
Gutkin,Julia,5
Hegglin,Michael,5
Henderson,Michael,5
Herman,Joel,5
Hou,Christopher,5
Hwang,Lucas,5
Item,Nickolaus,5
Lim,Jeeyoon,5
Miller,Denise,5
Murthy,Rohan,5
Ng,Carrie,5
Olson,Ryan,5
Partridge,Douglas,5
Veazey,William,5
Vegh,Matthew,5
Venkatesh,Sanjeev,5
Vlasache,Irina,5
Wasko,Dominic,5
Weng,Eric,5
Whinnery,Harry,5
Won,Jin,5
Wooten,Adam,5
Zhang,Matt,5
Zhou,George,5
